{"cameraMode":{"drawMode":0,"name":"Shaded","section":"Shading Mode"},"sceneLighting":true,"audioPlay":false,"sceneViewState":{"showFog":true,"showMaterialUpdate":false,"showSkybox":true,"showFlares":true,"showImageEffects":true,"showParticleSystems":true},"in2DMode":false,"pivot":{"x":-0.49657687544822695,"y":-23.986465454101564,"z":37.59797668457031},"rotation":{"x":0.28058379888534548,"y":0.0014385971007868648,"z":-0.0004300501605030149,"w":0.9598461389541626},"size":53.26218795776367,"orthographic":false}