{"cameraMode":{"drawMode":0,"name":"Shaded","section":"Shading Mode"},"sceneLighting":true,"audioPlay":false,"sceneViewState":{"showFog":true,"showMaterialUpdate":false,"showSkybox":true,"showFlares":true,"showImageEffects":true,"showParticleSystems":true},"in2DMode":false,"pivot":{"x":422.3035888671875,"y":273.2232971191406,"z":403.9569091796875},"rotation":{"x":0.02008497342467308,"y":-0.041397444903850558,"z":-0.0008302833302877843,"w":-0.9989827871322632},"size":1195.2095947265625,"orthographic":false}