{"cameraMode":{"drawMode":0,"name":"Shaded","section":"Shading Mode"},"sceneLighting":false,"audioPlay":false,"sceneViewState":{"showFog":true,"showMaterialUpdate":false,"showSkybox":false,"showFlares":true,"showImageEffects":true,"showParticleSystems":true},"in2DMode":false,"pivot":{"x":2.0578393936157228,"y":3.481288194656372,"z":-3.9046621322631838},"rotation":{"x":0.15163664519786836,"y":-0.047425542026758197,"z":0.0072750612162053589,"w":0.987287700176239},"size":2.8578836917877199,"orthographic":false}