{"cameraMode":{"drawMode":0,"name":"Shaded","section":"Shading Mode"},"sceneLighting":true,"audioPlay":false,"sceneViewState":{"showFog":true,"showMaterialUpdate":false,"showSkybox":true,"showFlares":true,"showImageEffects":true,"showParticleSystems":true},"in2DMode":false,"pivot":{"x":-4.024700164794922,"y":3.3350586891174318,"z":-6.033055782318115},"rotation":{"x":-0.24293383955955506,"y":0.012210954912006855,"z":-0.003048473037779331,"w":-0.9700117111206055},"size":4.041658401489258,"orthographic":false}