{"cameraMode":{"drawMode":0,"name":"Shaded","section":"Shading Mode"},"sceneLighting":true,"audioPlay":false,"sceneViewState":{"showFog":true,"showMaterialUpdate":false,"showSkybox":true,"showFlares":true,"showImageEffects":true,"showParticleSystems":true},"in2DMode":false,"pivot":{"x":11.063945770263672,"y":7.772271156311035,"z":-8.039542198181153},"rotation":{"x":-0.1784350574016571,"y":0.009432599879801274,"z":-0.0016992739401757718,"w":-0.9839420318603516},"size":3.7416584491729738,"orthographic":false}