{"cameraMode":{"drawMode":0,"name":"Shaded","section":"Shading Mode"},"sceneLighting":false,"audioPlay":false,"sceneViewState":{"showFog":true,"showMaterialUpdate":false,"showSkybox":false,"showFlares":true,"showImageEffects":true,"showParticleSystems":true},"in2DMode":false,"pivot":{"x":0.010333909653127194,"y":1.6056857109069825,"z":-3.126391887664795},"rotation":{"x":0.16950814425945283,"y":0.028084563091397287,"z":-0.004840253386646509,"w":0.9851338267326355},"size":2.8578836917877199,"orthographic":false}