{"cameraMode":{"drawMode":0,"name":"Shaded","section":"Shading Mode"},"sceneLighting":true,"audioPlay":false,"sceneViewState":{"showFog":true,"showMaterialUpdate":false,"showSkybox":true,"showFlares":true,"showImageEffects":true,"showParticleSystems":true},"in2DMode":false,"pivot":{"x":-21.351219177246095,"y":7.454183101654053,"z":9.314079284667969},"rotation":{"x":0.045843932777643207,"y":-0.5488757491111755,"z":0.030152123421430589,"w":0.8341200947761536},"size":53.26218795776367,"orthographic":false}