{"cameraMode":{"drawMode":0,"name":"Shaded","section":"Shading Mode"},"sceneLighting":true,"audioPlay":false,"sceneViewState":{"showFog":true,"showMaterialUpdate":false,"showSkybox":true,"showFlares":true,"showImageEffects":true,"showParticleSystems":true},"in2DMode":false,"pivot":{"x":-42.93074035644531,"y":-122.63014221191406,"z":485.2793273925781},"rotation":{"x":-0.12495788931846619,"y":0.04253889247775078,"z":-0.005634135566651821,"w":-0.9913649559020996},"size":526.8187866210938,"orthographic":false}